Number,Word
1,capricious
2,congenial
3,flout
4,humdrum
5,loquacious
6,proclivity
7,boisterous
8,churlish
9,debilitating
10,droll
11,limpid
12,mawkish
13,obeisance
14,ostentatious
15,predilection 
16,sham
17,truculent
18,abject
19,aver
20,cathartic
21,fledgling
22,goad
23,incontrovertible
24,itinerant
25,magnanimous
26,meritorious 
27,supple
28,abrogate
29,beguile
30,coddle
31,extenuating
32,frenetic
33,hapless
34,ossify
35,pastiche
36,perspicacious
37,ponderous
38,sinecure
39,sinuous
40,sordid
41,stanch
42,surfeit
43,voluble
44,castigate
45,decorum
46,demur
47,ingenuous
48,acrimonious 
49,belligerent
50,beneficent
51,canny
52,laconic
53,magisterial
54,onerous
55,tempestuous
56,tenable
57,urbane
58,vitiate
59,arresting
60,embellish
61,falter
62,fervent
63,foment
64,gaffe
65,heterodox
66,histrionic
67,inviolate
68,phlegmatic
69,prodigious
70,propensity
71,qualm
72,renege
73,stinting
74,vivacious
75,abstruse
76,dilettante
77,effrontery
78,encroach
79,entreat
80,gregarious
81,indignant
82,ineluctable
83,levity
84,mediate
85,penurious
86,piquant
87,reprobate
88,turbid
89,turgid
90,vacuous
91,ascetic
92,bucolic 
93,cacophonous 
94,countenance
95,extraneous
96,fervor
97,invidious
98,lethargic
99,numinous
100,pellucid
101,scathing
102,allusive
103,convalescent
104,decry
105,fawn
106,glib
107,ire
108,languid
109,mettlesome
110,mollify
111,nonplussed
112,precipitous
113,recourse
114,garrulous
115,inimical
116,paradigmatic
117,placid
118,polemical
119,profundity
120,punctilious
121,adroit
122,animus
123,astringent
124,flummoxed
125,reticent
126,surreptitious
127,tantalizing
128,torpor
129,wayward
130,assail
131,buttress
132,contravene
133,despotic
134,finicky
135,ironclad
136,plaintive
137,poignant
138,quiescent
139,subsume
140,surmount
141,tangential
142,clangor
143,plodding
144,prosaic
145,propriety
146,veracity
147,auspicious
148,bereft
149,captious
150,delineate
151,exhort
152,harangue
153,ploy
154,pomposity
155,steadfast
156,pertinacious
157,probity
158,spurious
159,timorous
160,tortuous
161,venerate
162,antedate
163,bridle
164,crestfallen
165,curtail
166,elucidate
167,feckless
168,fester
169,immure
170,inscrutable
171,lionize
172,monotonous
173,profligate
174,ruminate
175,skittish
176,synoptic 
177,vociferous
178,apprehension
179,axiomatic
180,conducive
181,corporeal
182,eclectic
183,equanimity
184,flustered
185,insolent
186,lampoon
187,lugubrious
188,macabre
189,morose
190,officious
191,supplant
192,tacit
193,intrepid
194,neophyte
195,salubrious
196,soporific
197,tendentious
198,divulge
199,fallacious
200,foolhardy
201,impugn
202,inveterate
203,petulant
204,pithy
205,pliant
206,upbraid
207,vexation
208,cajole
209,chary
210,curmudgeon
211,dirge
212,euphemism
213,excoriate
214,exigent
215,haughty
216,heady
217,lambaste
218,miscreant
219,peccadillo
220,philistine
221,relegate
222,repugnant
223,swindle
224,turpitude
225,unalloyed
226,wheedle
227,convivial
228,decadent
229,egregious
230,evanescent
231,forestall
232,gainsay
233,galvanize
234,nettlesome
235,obviate
236,oust
237,palpable
238,perfidy
239,pugnacious
240,scant
241,vapid
242,abet
243,amalgamate
244,attenuate
245,aversion
246,blithe
247,dawdle
248,efficacious
249,industrious
250,irksome
251,manacle
252,pernicious
253,prolix
254,scorn
255,veritable
256,burnish
257,coy
258,distend
259,endemic
260,enmity
261,gauche
262,impudent
263,inchoate
264,penchant
265,quandary
266,quash
267,quibble
268,recant
269,redoubtable
270,sophistry
271,wily
272,comity
273,cordial
274,deleterious
275,dichotomy
276,edify
277,fecund
278,felicitous
279,hodgepodge
280,mordant
281,outstrip
282,repudiate
283,tact
284,acolyte
285,anoint
286,coercion 
287,ebullient
288,facetious
289,fallible
290,florid
291,gawky
292,inveigle
293,mendacity
294,munificent
295,parochial
296,prevaricate
297,recrudescent
298,apogee
299,aspersion
300,bawdy
301,chagrin
302,collude
303,commiserate
304,conflagration
305,contretemps
306,croon
307,depose
308,detente
309,dowdy
310,echelon
311,ennui
312,expatiate
313,fraught
314,fulcrum
315,imbroglio
316,jocund
317,nadir
318,propitious
319,prurient
320,befuddled
321,eschew
322,exculpate
323,furtive
324,pensive
325,portend
326,tout
327,abreast
328,duplicitous
329,glum
330,largesse
331,libertine
332,malfeasance
333,modish
334,nascent
335,perennial
336,pious 
337,providential
338,schism
339,stalwart
340,supplicate
341,woeful
342,aberrant
343,callow
344,capitulate
345,cogitate
346,deportment
347,extemporize
348,factious
349,fallow
350,feint
351,flagrant
352,gratuitous
353,grovel
354,indecorous
355,nominal
356,obdurate
357,obstreperous
358,odious
359,plucky
360,precocious
361,remuneration
362,slovenly
363,soliloquy
364,spurn
365,stolid
366,temerity
367,tenuous
368,verve
369,parvenu
370,pinchpenny
371,miser
372,upstart
373,staunch
374,surmising
375,recondite
376,supposition
377,noxious
378,noisome
379,cognizant
380,mettle
381,mar
382,complacent
383,guile
